abolish,abschaffen,abolir,abolir,abolir,تلغي
abortion,Abtreibung,avortement,aborto,aborto,إجهاض
absence,Abwesenheit,absence,ausencia,ausência,غياب
absent,abwesend,absent,ausente,ausente,غائب
absurd,absurd,absurde,absurdo,absurdo,سخيف
abuse,missbrauchen,abus,abuso,abuso,تعاطي
academy,Akademie,académie,academia,academia,الأكاديمية
accelerate,beschleunigen,accélérer,acelerar,acelerar,تسريع
acceptance,Akzeptanz,acceptation,aceptación,aceitação,قبول
accessible,zugänglich,accessible,accesible,acessível,يمكن الوصول
accomplishment,Vollendung,accomplissement,logro,realização,إنجاز
accordingly,entsprechend,en conséquence,respectivamente,adequadamente,وفقاً لذلك
accountability,Rechenschaftspflicht,responsabilité,responsabilidad,responsabilidade,مسئولية
accountable,rechenschaftspflichtig,redevable,responsable,responsável,مسؤول
accumulate,akkumulieren,accumuler,acumular,acumular,جمع
accumulation,Anhäufung,accumulation,acumulación,acumulação,تراكم
accusation,Anschuldigung,accusation,acusación,acusação,الاتهام
accused,angeklagt,accusé,acusado,acusado,المتهم
acid,sauer,acide,ácido,ácido,حامض
acquisition,Erwerb,acquisition,adquisición,aquisição,استحواذ
activation,Aktivierung,activation,activación,ativação,التنشيط
activist,Aktivist,activiste,activista,ativista,ناشط
acute,akut,aiguë,agudo,agudo,بَصِير
adaptation,Anpassung,adaptation,adaptación,adaptação,التكيف
adhere,anhaftend,adhérer,adherirse,aderir,يتمسك
adjacent,angrenzend,adjacent,adyacente,adjacente,متاخم
adjustment,Anpassung,ajustement,ajustamiento,ajustamento,تعديل
administer,verwalten,administrer,administrar,administrador,إدارة
administrative,administrativ,administratif,administrativo,administrativo,إداري
administrator,Verwalter,administrateur,administrador,administrador,مدير
admission,Aufnahme,admission,admisión,admissão,سماح بالدخول
adolescent,Jugendlicher,adolescent,adolescente,adolescente,مراهق
adoption,Adoption,adoption,adopción,adoção,تبني
adverse,nachteilig,défavorable,adverso,desfavoraveis,سلبي
advocate,Befürworter,défenseur,defensor,advogado,المؤيد
aesthetic,Ästhetik,esthétique,estético,estético,جمالي
affection,Zuneigung,affection,cariño,afeição,تاثير
aftermath,Nachwirkungen,séquelles,secuelas,resultado,ما بعد الكارثة
aggression,Aggression,agression,agresión,agressão,عدوان
agricultural,Landwirtschaft,agricole,agrícola,agrícola,زراعي
aide,Hilfe,aide,ayudante,ajudante,مساعد
alert,aufmerksam,alerte,alerta,alerta,إنذار
alien,Außerirdischer,étranger,extraterrestre,estrangeiro,كائن فضائي
align,ausrichten,aligner,alinear,alinhar,محاذاة
alignment,Ausrichtung,alignement,alineación,alinhamento,محاذاة
alike,gleich,similaire,similar,parecido,على حد سواء
allegation,Behauptung,allégation,alegación,alegação,ادعاء
allege,behaupten,alléguer,alegar,alegar,زعم
allegedly,angeblich,prétendument,presuntamente,alegadamente,يزعم
alliance,Allianz,alliance,alianza,aliança,تحالف
allocate,zuordnen,allouer,asignar,distribuir,تخصيص
allocation,Zuweisung,allocation,asignación,alocação,توزيع
allowance,Vergütung,allocation,tolerancia,mesada,مخصص
ally,verbünden,allié,aliado,aliado,حليف
aluminum,Aluminium,aluminium,aluminio,alumínio,الألومنيوم
amateur,Amateur,amateur,aficionado,amador,هواة
ambassador,Botschafter,ambassadeur,embajador,embaixador,سفير
amend,ändern,amender,enmendar,alterar,يعدل
amendment,Änderung,amendement,enmienda,alteração,تعديل
amid,inmitten von,entre,entre,Entre,وسط
analogy,Analogie,analogie,analogía,analogia,تشبيه
anchor,Anker,ancrer,ancla,âncora,مذيع الأخبار
angel,Engel,ange,ángel,anjo,ملاك
anonymous,anonyme,anonyme,anónimo,anônimo,مجهول
apparatus,Gerät,appareil,aparato,aparelho,جهاز
apparel,bekleidung,vêtement,vestir,vestuário,ثياب
appealing,ansprechend,appétissant,atractivo,atraente,جذابة
appetite,appetitlich,appétit,apetito,apetite,شهية
applaud,applaudieren,applaudir,aplaudir,aplaudir,صفق
applicable,anwendbar,applicable,aplicable,aplicável,المعمول بها
appoint,ernennen,nommer,nombrar,nomear,يعين
appreciation,Wertschätzung,appréciation,apreciación,apreciação,تقدير
arbitrary,willkürlich,arbitraire,arbitrario,arbitrário,افتراضى
architectural,architektonisch,architectural,arquitectónico,arquitetônico,المعماري
archive,archivieren,archive,archivo,arquivo,أرشيف
arena,arena,arène,arena,arena,الساحة
arm,Arm,bras,brazo,braço,ذراع
array,Array,réseau,formación,variedade,مجموعة مصفوفة
articulate,artikulieren,articuler,articular,articular,يتكلم بوضوح
ash,Asche,cendre,ceniza,cinza,رماد
aspiration,Streben,aspiration,aspiración,aspiração,طموح
aspire,anstreben,aspirer,aspirar,aspirar,أطمح
assassination,Attentat,assassinat,asesinato,assassinato,اغتيال
assault,angreifen,assaut,agresión,assalto,الاعتداءات
assemble,versammeln,assembler,armar,montar,جمعيه
assembly,Versammlung,assemblage,asamblea,conjunto,المجسم
assert,behaupten,affirmer,afirmar,afirmar,يجزم
assertion,Behauptung,affirmation,afirmación,afirmação,تأكيد
assurance,Versicherung,assurance,garantía,garantia,توكيد
asylum,Asyl,asile,asilo,asilo,اللجوء
atrocity,Gräueltat,atrocité,atrocidad,atrocidade,فظاعة
attain,erlangen,atteindre,al menos,pelo menos,على الأقل
attendance,Anwesenheit,présence,asistencia,comparecimento,الحضور
attribute,zuschreiben,attribut,atributo,atributo,ينسب
auction,Auktion,vente aux enchères,subasta,leilão,مزاد علني
audit,Prüfung,audit,auditoría,auditoria,تدقيق
authentic,authentisch,authentique,auténtico,autêntico,أصلي
authorize,autorisieren,autoriser,autorizar,autorizar,يأذن
auto,Auto,auto,auto,auto,تلقاءي
autonomy,Autonomie,autonomie,autonomía,autonomia,استقلال
autumn,Herbst,automne,otoño,outono,خريف
availability,Verfügbarkeit,disponibilité,disponibilidad,disponibilidade,التوفر
await,erwarten,attendre,esperar,aguardam,انتظر
backdrop,Kulisse,toile de fond,fondo,pano de fundo,خلفية
backing,Rückendeckung,backing,apoyo,apoio,دعم
backup,Sicherung,sauvegarde,respaldo,cópia de segurança,دعم
bail,Kaution,caution,fianza,fiança,الكفالة
ballot,Stimmzettel,vote,votación,cédula,الاقتراع
bankruptcy,Bankrott,faillite,bancarrota,falência,إفلاس
banner,Werbebanner,bannière,bandera,bandeira,لافتة
bare,bloß,nu,sólo,apenas,فقط
barrel,Fass,baril,barril,barril,برميل
bass,Bass,basse,bajo,graves,صوت عميق
bat,Fledermaus,chauve-souris,una,1,واحد
battlefield,Schlachtfeld,champ de bataille,campo de batalla,campo de batalha,ساحة المعركة
bay,Bucht,baie,bahía,baía,شراء
beam,Strahl,faisceau,haz,feixe,الحزم
beast,Biest,bête,bestia,fera,وحش
behalf,Auftrag,nom,beneficio,lado,باسمى او لاجلى
behavioral,Verhaltens-,comportemental,conductual,comportamental,سلوكي
beloved,geliebt,bien-aimé,amado,amado,محبوب
bench,Bank,banc,mesa de trabajo,banco de sentar,مقاعد البدلاء
benchmark,Maßstäbe,repère,punto de referencia,referência,المعيار
beneath,unter,sous,debajo,abaixo,أسفل
beneficiary,Nutznießer,bénéficiaire,beneficiario,beneficiário,المستفيد
betray,verraten,trahir,traicionar,trair,يخون
beverage,Getränk,boisson,bebida,bebida,مشروب
bind,binden,lier,unir,ligar,ربط
biography,Biographie,biographie,biografía,biografia,سيرة شخصية
bishop,bischof,évêque,obispo,bispo,أسقف
bizarre,bizarr,bizarre,extraño,bizarro,غريب
blade,Klinge,lame,espada,lâmina,شفرة
blast,sprengen,blast,explosión,explosão,انفجار
bleed,bluten,saignement,sangrar,sangrar,ينزف
blend,mischen,mélange,mezclar,mistura,يمزج
bless,segnen,blesser,bendecir,abençoar,يبارك
blessing,segnen,bénir,bendición,bênção,بركة
boast,rühmen,boast,presumir,vangloriar-se,تباهى
bonus,Bonus,bonus,prima,bônus,علاوة
booking,Buchen,booking,reserva,reserva,الحجز
boom,boomen,boom,auge,estrondo,فقاعة
bounce,Aufschwung,rebondir,bote,quicar,وثب، ارتداد
boundary,Grenze,limite,Perímetro,fronteira,الحدود
bow,Bogen,arc,arco,arco,ينحني
breach,Verletzung,rupture,incumplimiento,violação,يخرق
breakdown,Durchbruch,rupture,desglose,demolir,انفصال
breakthrough,Durchbruch,percée,descubrimiento,avanço,اختراق
breed,züchten,race,raza,raça,تربية
broadband,breitband,large bande,banda ancha,banda larga,موجة عريضة
browser,Browser,navigateur,navegador,navegador,المتصفح
brutal,brutal,brutal,brutal,brutal,قاسِي
buddy,Kumpel,copain,amigo,camarada,صاحب
buffer,Puffer,tampon,buffer,amortecedor,متعادل
bulk,Masse,vrac,a granel,volume,حجم
burden,Belastung,charge,carga,fardo,حرج
bureaucracy,Bürokratie,bureaucratie,burocracia,burocracia,البيروقراطية
burial,Beerdigung,enterrement,entierro,enterro,دفن
burst,platzen,éclatement,ráfaga,explodido,انفجار
cabinet,Kabinett,cabinet,gabinete,gabinete,خزانة
calculation,Berechnung,calcul,cálculo,Cálculo,عملية حسابية
canvas,Leinwand,toile,lienzo,tela,اللوحة القماشية
capability,fähigkeit,capacité,capacidad,capacidade,الإمكانية
capitalism,Kapitalismus,capitalisme,capitalismo,capitalismo,الرأسمالية
capitalist,kapitalistisch,capitaliste,capitalista,capitalista,رأسمالي
cargo,Fracht,cargaison,cargo,cargo,البضائع
carriage,Wagen,cargaison,carro,transporte,عربه قطار
carve,schnitzen,sculpter,esculpir,esculpir,نحت
casino,Kasino,casino,casino,cassino,كازينو
casualty,Unfall,accidenté,víctima,acidente,ضحية
catalog,Katalog,catalogue,catalogar,catálogo,فهرس
cater,verpflegen,traiteur,abastecer,atender,زود الطعام
cattle,Vieh,bétail,ganado,gado,ماشية
caution,Vorsicht,prudence,precaución,cuidado,حذر
cautious,zurückhaltend,prudence,precavido,cauteloso,الحذر
cease,aufhören,cesser,cesar,cessar,انقطع
cemetery,Friedhof,cimetière,cementerio,cemitério,مقبرة
chamber,Kammer,chambre,cámara,câmara,غرفة
chaos,Chaos,chaos,caos,caos,فوضى
characterize,charakterisieren,caractériser,caracterizar,caracterizar,تميز
charm,Charme,charme,encanto,charme,سحر
charter,Satzung,charte,carta,fretamento,الميثاق
choir,Chor,chorale,coro,coro,الكورال
chronic,chronisch,chronique,crónico,crônica,مزمن
chunk,Stückchen,chunk,pedazo,pedaço,قطعة
circulate,zirkulieren,circuler,circular,circular,تعميم
circulation,Auflage,circulation,circulación,circulação,الدوران
citizenship,Staatsbürgerschaft,citoyenneté,ciudadanía,cidadania,المواطنة
civic,staatsbürgerlich,civique,cívico,cívico,مدني
civilian,zivil,civil,civil,civil,مدني
clarity,Klarheit,clarté,claridad,clareza,وضوح
clash,Zusammenstoß,conflit,choque,choque,اشتباك
classification,Einstufung,classification,clasificación,classificação,تصنيف
cling,klammern,clivage,adherirse,agarrar,تشبث
clinical,klinisch,clinique,clínico,clínico,مرضي
closure,Verschluss,fermeture,cierre,fecho,إنهاء
cluster,cluster,cluster,grupo,conjunto,تَجَمَّع
coalition,Koalition,coalition,coalición,aliança,الائتلاف
coastal,küste,côte,costero,costeiro,ساحلي
cocktail,cocktail,cocktail,cóctel,coquetel,كوكتيل
cognitive,kognitiv,cognitif,cognitivo,cognitivo,الإدراكي
coincide,übereinstimmen,correspondre,coincide,coincidir,تزامن
collaborate,zusammenarbeiten,collaborer,colaborar,colaborar,يتعاون
collaboration,zusammenarbeiten,collaboration,colaboración,colaboração,تعاون
collective,kollektiv,collectif,colectivo,coletivo,جماعي
collision,Kollision,collision,colisión,colisão,تصادم
colonial,kolonial,colonial,colonial,colonial,استعماري
columnist,Kolumnist,chroniqueur,columnista,colunista,كاتب العمود
combat,Kampf,combat,combate,combate,قتال
commence,beginnen,commencer,comenzar,começar,تبدأ
commentary,Kommentar,commentaire,comentario,comentário,تعليق
commentator,Kommentator,commentateur,comentarista,comentarista,المعلق
commerce,Handel,commerce,comercio,comércio,تجارة
commissioner,Kommissar,commissaire,notario,comissário,مفوض
commodity,Ware,marchandise,producto,mercadoria,سلعة
communist,kommunistisch,communiste,comunista,comunista,شيوعي
companion,Begleiter,compagnon,compañero,companheiro,رفيق
comparable,vergleichbar,comparable,comparable,comparável,قابلة للمقارنة
compassion,Mitgefühl,compassion,compasión,compaixão,تعاطف
compel,zwingen,contraindre,obligar,obrigar,تجبر
compelling,zwingen,contraignant,convincente,atraente,قهري
compensate,kompensieren,compenser,compensar,compensar,يكافئ
compensation,kompensieren,compensation,compensación,compensação,تعويضات
competence,Kompetenz,compétence,competencia,competência,كفاءه
competent,kompetent,compétent,competente,competente,كفؤ
compile,kompilieren,compiler,compilar,compilar,تجميع
complement,ergänzen,compléter,complementar,complemento,مديح
complexity,Komplexität,complexité,complejidad,complexidade,تعقيد
compliance,Einhaltung,conformité,cumplimiento,observância,امتثال
complication,Komplikation,complication,complicación,complicação,تعقيد
comply,entsprechen,se conformer,cumplir,cumprir,الامتثال
composition,Zusammensetzung,composition,composición,composição,تكوين
compromise,Kompromiss,compromis,compromiso,compromisso,مرونة
compute,Berechnen,calculer,calcular,calcular,إحصاء - عد
conceal,verbergen,dissimuler,encubrir,esconder,إخفاء
concede,zugestehen,concéder,concede,conceder,تتنازل
conceive,begreifen,concevoir,concebir,conceber,تحديد
conception,konzipieren,conception,concepción,concepção,تصور
concession,Zugeständnis,concession,concesión,concessão,تنازل
condemn,Verurteilen,condamner,condenar,condenar,ادانة
confer,konferieren,conférer,conferir,conferir,تشاور
confession,Geständnis,aveu,confesión,confissão,اعتراف
configuration,Gestaltung,configuration,configuración,configuração,ترتيب
confine,einschränken,confiner,confinar,limitar,حجز
confirmation,Bestätigung,confirmation,confirmación,confirmação,التأكيد
confront,konfrontieren,confronter,confrontar,enfrentar,مواجهة
confrontation,Konfrontation,confrontation,confrontación,confronto,مواجهة
congratulate,gratulieren,féliciter,felicitar,felicitar,تهنئة
congregation,Versammlung,congrégation,congregación,congregação,مجمع
congressional,Kongress,congrès,del congreso,congressional,الكونغرس
conquer,erobern,conquérir,conquistar,conquistar,يسيطر
conscience,Gewissen,conscience,conciencia,consciência,الضمير
consciousness,Bewusstsein,conscience,conciencia,consciência,وعي - إدراك
consecutive,konsekutiv,consécutif,consecutivo,consecutivo,على التوالي
consensus,Konsens,consensus,consenso,consenso,إجماع
consent,zustimmen,consentement,consentir,consentimento,موافقة
conserve,konservieren,conserver,conservar,conservar,حفظ
consistency,Konsistenz,cohérence,consistencia,consistência,التناسق
consolidate,konsolidieren,consolider,consolidar,consolidar,توطيد
constitute,konstituieren,constituer,constituir,constituir,تشكل
constitution,Verfassung,constitution,constitución,constituição,دستور
constitutional,konstitutionell,constitutionnel,constitucional,constitucional,دستوري
constraint,einschränken,contrainte,restricción,restrição,قيد
consultation,Anhörung,consultation,consulta,consulta,التشاور
contemplate,in Betracht ziehen,contempler,contemplar,contemplar,تفكر
contempt,Verachtung,mépris,desprecio,desprezo,ازدراء
contend,anfechten,contender,contender,competir,يناقش
contender,anfechten,contender,contendiente,contendor,المنافس
content,Inhalt,contenu,contenido,contente,المحتوى
contention,Anfechtung,contestation,contención,contenção,خلاف
continually,ständig,continuellement,continuamente,continuamente,باستمرار
contractor,Auftragnehmer,contractant,contratista,contratante,مقاول
contradiction,Widerspruch,contradiction,contradicción,contradição,تناقض
contrary,konträr,contraire,contrario,contrário,العكس
contributor,Mitwirkende,contributeur,contribuyente,contribuinte,مساهم
conversion,Umwandlung,conversion,conversión,conversão,تحويلات
convict,Verurteilter,condamner,condenar,condenar,المحكوم عليه
conviction,Verurteilung,condamnation,convicción,convicção,قناعة
cooperate,kooperieren,coopérer,cooperar,colaborar,ميداني
cooperative,kooperativ,coopérer,cooperativa,cooperativo,تعاوني
coordinate,koordinieren,coordonner,coordinar,coordenada,تنسيق
coordination,koordinieren,coordination,coordinación,coordenação,تنسيق
coordinator,Koordinator,coordinateur,coordinador,coordenador,منسق
copper,Kupfer,cuivre,cobre,cobre,نحاس
copyright,Urheberrecht,copyright,derechos de autor,direito autoral,حقوق النشر
correction,Korrektur,correction,corrección,correção,تصحيح
correlate,korrelieren,corrélation,correlación,correlacionar,ترتبط
correlation,Korrelation,corrélation,correlación,correlação,علاقه مترابطه
correspond,entsprechen,correspondre,corresponder,corresponder,تطابق
correspondence,Korrespondenz,correspondance,correspondencia,correspondência,مراسلة
correspondent,korrespondieren,correspondant,corresponsal,correspondente,مراسل
corresponding,korrespondieren,correspondant,correspondiente,correspondente,المقابلة
corrupt,korrupt,corrompu,corrupto,corromper,فاسد
corruption,Korruption,corruption,corrupción,corrupção,فساد
costly,kostspielig,coûteux,costoso,dispendioso,مكلفة
councilor,Ratsmitglied,conseiller,concejal,conselheiro,عضو مجلس
counseling,Beratung,conseiller,asesoramiento,aconselhamento,تقديم المشورة
counselor,Berater,conseiller,consejero,conselheiro,مستشار
counter,gegen,contre,encimera,contador,يعداد
counterpart,Gegenstück,contrepartie,contrapartida,contrapartida,النظير
countless,unzählige,innombrable,incontable,incontáveis,لا يحصى
coup,Coup,coup,golpe,golpe,انقلاب
courtesy,Höflichkeit,courtoisie,cortesía,cortesia,مجاملة
craft,Handwerk,artisanat,artesanía,arte,حرفة
crawl,krabbeln,ramper,gatear,engatinhar,زحف
creator,Schöpfer,créateur,creador,O Criador,المنشئ
credibility,Glaubwürdigkeit,crédibilité,credibilidad,credibilidade,مصداقية
credible,glaubwürdig,crédible,creíble,confiável,معقول
creep,kriechen,rampant,arrastrarse,rastejar,زحف
critique,Kritik,critique,crítica,crítica,نقد
crown,Krone,couronne,corona,coroa,تاج
crude,roh,brut,crudo,bruto,الخام
crush,zerkleinern,écraser,Persona especial,crush,معجب
crystal,Kristall,cristal,cristal,cristal,كريستال
cult,Kult,culte,culto,culto,طائفة دينية
cultivate,kultivieren,cultiver,cultivar,cultivar,زرع او صقل
curiosity,Neugierde,curiosité,curiosidad,curiosidade,حب الاستطلاع
custody,Verwahrung,garde,custodia,custódia,عهدة
cutting,Schneiden,couper,corte,corte,قطع
cynical,zynisch,cynique,cínico,cínico,ساخر
dam,Damm,barrage,presa,barragem,سد
damaging,beschädigen,dommageable,perjudicial,prejudicial,ضار
dawn,Morgengrauen,aube,amanecer,alvorecer,فَجر
debris,Trümmer,débris,escombros,destroços,حطام
debut,Debüt,début,debut,estréia,لاول مرة
decision-making,Entscheidungsfindung,prise de décision,Toma de decisiones,tomando uma decisão,صناعة القرار
decisive,entscheidend,décisif,decisivo,decisivo,حاسم
declaration,Erklärung,déclaration,declaración,declaração,إعلان
dedicated,Widmung,dédié,dedicado,dedicada,مخلص
dedication,Widmung,dédicace,dedicación,dedicação,إخلاص
deed,Urkunde,acte,escritura,ato,الفعل
deem,deem,juger,considerar,considerar,تعتبر
default,Verzug,défaut,defecto,predefinição,إفتراضي
defect,Mangel,défaut,defecto,defeito,خلل
defensive,Einrede,défensive,defensivo,defensiva,دفاعي
deficiency,Defizit,déficience,deficiencia,deficiência,نقص
deficit,Defizit,déficit,déficit,déficit,عجز
defy,trotzen,défier,desafiar,desafiar,يعصي
delegate,delegieren,délégué,delegar,delegar,مندوب
delegation,Delegation,délégation,delegación,delegação,وفد
delicate,heikel,délicat,delicado,delicado,حساس
demon,Dämon,démon,demonio,demônio,شيطان
denial,leugnen,déni,negación,negação,إنكار
denounce,anprangern,dénoncer,denunciar,denunciar,التنديد
dense,dicht,dense,denso,denso,كثيف
density,Dichte,densité,densidad,densidade,كثافة
dependence,Abhängigkeit,dépendance,dependencia,dependência,الاعتماد
depict,abbilden,dépeindre,representar,retratar,تصف
deploy,aufstellen,déployer,desplegar,implantar,نشر
deployment,Einsatz,déploiement,despliegue,implantação,تعيين
deprive,berauben,déprivation,privar,privar,تحرم
deputy,Stellvertreter,adjoint,diputado,deputado,النائب
descend,absteigen,descendre,descender,descer,تنحدر
descent,Abstieg,descente,descendencia,descida,نزول
designate,benennen,désigner,designado,designar,عين
desirable,wünschenswert,souhaitable,deseable,desejável,مرغوب فيه
desktop,Schreibtisch,bureau,escritorio,Área de Trabalho,سطح المكتب
destructive,zerstörerisch,destructeur,destructivo,destrutivo,مدمرة
detain,zurückhalten,détenir,detener,deter,حجز
detection,Erkennung,détection,detección,detecção,كشف
detention,Festhalten,détention,detención,detenção,احتجاز
deteriorate,verschlechtern,détériorer,deteriorarse,deteriorar,تتدهور
devastate,verwüsten,dévaster,devastar,devastar,يدمر
devil,verteufeln,diable,demonio,diabo,شيطان
devise,ausarbeiten,devise,idear,inventar,ابتكر
diagnose,diagnostizieren,diagnostiquer,diagnosticar,diagnosticar,تشخيص
diagnosis,diagnostizieren,diagnostic,diagnóstico,diagnóstico,تشخبص
dictate,diktieren,dicter,dictar,ditar,تملي
dictator,Diktator,dictateur,dictador,ditador,دكتاتور
differentiate,differenzieren,différencier,diferenciar,diferenciar,يميز
dignity,Würde,dignité,dignidad,dignidade,كرامة
dilemma,Dilemma,dilemme,dilema,dilema,معضلة
dimension,Dimension,dimension,dimensión,dimensão,البعد
diminish,verkleinern,diminuer,disminuir,diminuir,يقلل
dip,eintauchen,plonger,aderezo,mergulhar,تراجع
diplomat,Diplomat,diplomate,diplomático,diplomata,دبلوماسي
diplomatic,diplomatisch,diplomatique,diplomático,diplomático,دبلوماسي
directory,Verzeichnis,répertoire,directorio,diretório,الدليل
disastrous,katastrophal,désastreux,desastroso,desastroso,كارثي
discard,ablegen,rejeter,desechar,descartar,تجاهل
discharge,entlassen,décharge,descarga,descarga,إبراء الذمة
disclose,offenlegen,divulguer,revelar,divulgar,الكشف عن
disclosure,Offenlegung,divulgation,divulgación,divulgação,إفشاء
discourse,Diskurs,discours,discurso,discurso,الحوار
discretion,Diskretion,discrétion,discreción,critério,حرية التصرف
discrimination,Diskriminierung,discrimination,discriminación,discriminação,تمييز
dismissal,Entlassung,licenciement,despido,demissão,الفصل
displace,verdrängen,déplacement,desplazar,deslocar,تهجير
disposal,entsorgen,élimination,desecho,disposição,ازالة
dispose,entsorgen,disposition,disponer,descartar,تخلص
dispute,streiten,litige,disputar,disputa,خلاف
disrupt,stören,perturber,interrumpir,perturbe,يعطل
disruption,stören,perturbation,ruptura,interrupção,خلل
dissolve,auflösen,dissoudre,disolver,dissolver,تذوب
distinction,unterscheiden,distinction,distinción,distinção,امتياز
distinctive,unverwechselbar,distinctif,distintivo,distintivo,متميز
distort,verzerren,déformer,distorsionar,distorcer,التشوه
distress,beunruhigen,détresse,angustia,sofrimento,محنة
disturbing,stören,déranger,perturbador,perturbador,مزعج
divert,ablenken,détourner,desviar,desviar,تحويل
divine,göttlich,divin,divino,divino,إلهي
doctrine,Doktrin,doctrine,doctrina,doutrina,عقيدة
documentation,Dokumentation,documentation,documentación,documentação,توثيق
domain,Domain,domaine,dominio,domínio,نطاق
dominance,beherrschung,domination,dominio,domínio,هيمنة
donor,Spender,donneur,donante,doador,جهات مانحة
dose,Dosis,dose,dosis,dose,جرعة
drain,Abfluss,drain,fuga,ralo,بالُوعَة
drift,Drift,dérive,deriva,deriva,المغزى
driving,treiben,conduite,conduciendo,dirigindo,القيادة
drown,ertrinken,noyer,ahogar,afogar,يغرق
dual,dual,double,doble,dual,مزدوج
dub,synchronisieren,dub,doblar,dublar,يصفه
dumb,dumm,idiot,mudo,idiota,غبي
duo,duo,duo,dúo,duo,الثنائي
dynamic,dynamisch,dynamique,dinámica,dinâmico,متحرك
earnings,Ergebnis,gains,ganancias,ganhos,الأرباح
ease,erleichtern,facilité,facilitar,facilidade,يُسَهّل
echo,echo,écho,eco,eco,صدى صوت
ecological,ökologisch,écologique,ecológico,ecológico,بيئي
educator,Erzieher,éducateur,educador,educador,مربي
effectiveness,Wirksamkeit,efficacité,eficacia,eficácia,فعالية
efficiency,Effizienz,efficacité,eficiencia,eficiência,نجاعة
ego,Ego,ego,ego,ego,الغرور
elaborate,durchdacht,élaborer,elaborar,elaborar,يشرح
electoral,wählen,électoral,electoral,eleitoral,انتخابي
elevate,erheben,élever,elevar,elevar,رفع
eligible,wählbar,éligible,elegible,elegível,مؤهل
elite,elite,élite,élite,elite,نخبة
embark,einsteigen,embarquer,embarcar,embarcar,الشروع
embarrassment,peinlich,embarquer,vergüenza,embaraço,إحراج
embassy,botschaft,ambassade,embajada,embaixada,السفارة
embed,einbetten,embarquer,empotrar,Embutir,تضمين
embody,verkörpern,incarner,encarnar,incorporar,جسد
emergence,Auftauchen,émergence,aparición,emergência,ظهور
empirical,empirisch,empirique,empírico,empírico,تجريبي
empower,ermächtigen,habiliter,autorizar,empoderamento,تمكين
enact,in Kraft setzen,promulguer,promulgar,promulgar,يسن قانون
encompass,einschließen,englober,abarcar,abranger,شمل
encouragement,ermutigen,encouragement,ánimo,encorajamento,تشجيع
encouraging,ermutigen,encourager,alentador,encorajando,تشجيع
endeavor,bemühen,s'efforcer,empeño,empreendimento,سعي
endless,endlos,sans fin,sin fin,sem fim,بلا نهاية
endorse,befürworten,endosser,endosar,endossar,تصادق
endorsement,Befürwortung,endossement,aprobación,endosso,المصادقة
endure,ertragen,endurer,soportar,aguentar,تحمل
enforce,erzwingen,appliquer,hacer cumplir,impor,فرض
enforcement,Durchsetzung,application,aplicación,execução,إجباري
engagement,Engagement,engagement,compromiso,noivado,الارتباط
engaging,einbinden,engager,atractivo,noivando,الانخراط
enrich,bereichern,enrichir,enriquecer,enriquecer,يثرى
enroll,einschreiben,s'inscrire,inscribirse,matricular,يتسجل، يلتحق
ensue,folgen,ensue,sobrevenir,seguir,يترتب على ذلك
enterprise,Unternehmen,entreprise,empresa,empreendimento,مشروع - مغامرة
enthusiast,engagieren,enthousiaste,entusiasta,entusiasta,متحمس
entitle,berechtigen,entitle,dar derecho,autorizar,حق
entity,Unternehmen,entité,entidad,entidade,كيان
epidemic,Epidemie,épidémie,epidemia,epidemia,وبائي
equality,Gleichheit,égalité,igualdad,igualdade,المساواة
equation,Gleichung,équation,ecuación,equação,معادلة
erect,aufstellen,ériger,erguido,ereto,منتصب
escalate,eskalieren,escalader,escalar,escalar,يتصعد
essence,Essenz,essence,esencia,essência,جوهر
establishment,Einrichtung,établissement,establecimiento,estabelecimento,مؤسسة
eternal,ewig,éternel,eterno,eterno,أبدي
evacuate,evakuieren,évacuer,evacuar,evacuar,إخلاء
evoke,evozieren,évoquer,evocar,evocar,استحضار
evolutionary,evolutionär,évolutif,evolutivo,evolutivo,تطوري
exaggerate,übertreiben,exagérer,exagerar,exagerar,مبالغة
excellence,Exzellenz,excellence,excelencia,excelência,تفوق
exceptional,außergewöhnlich,exceptionnel,excepcional,excepcional,استثنائي
excess,Übermaß,excès,exceso,excesso,إفراط
exclusion,Ausschluss,exclusion,exclusión,exclusão,استبعاد
exclusive,exklusiv,exclusif,exclusivo,exclusivo,حصرية
exclusively,ausschließlich,exclusivement,exclusivamente,exclusivamente,حصريا
execute,ausführen,exécuter,ejecutar,executar,نفذ - اعدم
execution,Ausführung,exécution,ejecución,execução,إعدام
exert,ausüben,exercer,ejercer,exercer,بذل
exile,exilieren,exiler,exilio,exílio,منفى
expenditure,ausgeben,dépense,gasto,despesa,المصروفات
experimental,experimentell,expérimental,experimental,experimental,تجريبي
expire,ablaufen,expirer,expirar,expirar,تنقضي
explicit,ausdrücklich,explicite,explícito,explícito,صريح
explicitly,ausdrücklich,explicitement,explícitamente,explicitamente,صراحة
exploitation,Verwertung,exploitation,explotación,exploração,استغلال
explosive,explosiv,explosif,explosivo,explosivo,مادة متفجرة
extract,Auszug,extraire,extracto,extrair,مقتطف
extremist,extremistisch,extrémiste,extremista,extremista,متطرف
facilitate,erleichtern,faciliter,facilitar,facilitar,يسهل
faction,Fraktion,faction,facción,facção,فصيل
fade,ausblenden,s'effacer,desteñir,desvaneça,يختفي
fairness,Fairness,équité,justicia,justiça,الإنصاف
fatal,tödlich,fatal,fatal,fatal,مميت
fate,Schicksal,destin,destino,destino,قدر
favorable,Günstig,favorable,favorable,favorável,ملائم
feat,Kunststück,exploit,Con,Parceria,عمل
felony,Straftat,félonie,delito,crime,جناية
feminist,feministisch,féministe,feminista,feminista,ناشط نسائي
fiber,Faser,fibre,fibra,fibra,الأساسية
fierce,heftig,féroce,intenso,feroz,شرس
filmmaker,Filmemacher,cinéaste,cineasta,cineasta,المخرج
filter,Filter,filtre,filtrar,filtro,منقي
fine,fein,fin,multa,multar,بخير
firearm,Schusswaffe,arme à feu,arma de fuego,arma de fogo,سلاح ناري
fiscal,steuerlich,fiscal,fiscal,fiscal,المالية
fit,passen,ajustement,adaptar,em forma,لائق بدنيا
flaw,fehlerhaft,défaut,falla,falha,عيب
flawed,fehlerhaft,défectueux,defectuoso,falho,معيب
flee,fliehen,fuir,huir,fugir,اهرب
fleet,Flotte,flotte,flota,frota,سريع
flesh,flesh,chair,carne,carne,لحم
flexibility,Flexibilität,flexibilité,flexibilidad,flexibilidade,المرونة
flourish,blühen,s'épanouir,florecer,florescer,تزدهر
fluid,flüssig,fluide,líquido,fluido,سائل
footage,Filmmaterial,métrage,imágenes,cenas,لقطات
foreigner,Ausländer,étranger,extranjero,estrangeiro,أجنبي
forge,schmieden,forger,fragua,forja,تشكيل
formula,formel,formule,fórmula,Fórmula,معادلة
formulate,formulieren,formuler,formular,formular,صياغة
forth,weiter,à venir,adelante,adiante,إيابا
forthcoming,bevorstehend,à venir,próximo,próximo,قادم، صريح، يظهر
foster,fördern,favoriser,alentar,adotivo,الحاضنة
fragile,zerbrechlich,fragile,frágil,frágil,قابل للكسر
franchise,Franchise,franchise,franquicia,franquia,الامتياز التجاري
frankly,offen gesagt,franchement,francamente,francamente,بصراحة
freshman,Neuling,première année,estudiante de primer año,calouro,طالبة
frustrated,Frustriert,frustré,frustrado,frustrado,محبط
frustrating,frustriert,frustrant,frustrante,frustrante,محبط
frustration,Frustration,frustration,frustración,frustração,إحباط
functional,funktional,fonctionnel,funcional,funcional,وظيفي
fundraising,Spendensammlung,collecte de fonds,recaudación de fondos,angariação de fundos,جمع التبرعات
funeral,Beerdigung,funérailles,funeral,funeral,جنازة
gambling,Glücksspiel,jeu d'argent,juego,jogos de azar,القمار
gathering,Versammlung,rassemblement,reunión,reunião,تجمع
gaze,Blick,regard,mirada,olhar,تحديق
gear,Ausrüstung,équipement,engranaje,engrenagem,هيأ
generic,generisch,générique,genérico,genérico,نوعي
genocide,genozid,génocide,genocidio,genocídio,إبادة جماعية
gig,Gig,gig,Curro,show,أزعج
glance,blick,regard,vistazo,olhar,يلمح
glimpse,flüchtiger Blick,coup d'œil,parpadear,piscar,رمش
glorious,glorreich,glorieux,glorioso,glorioso,المجيد
glory,Ruhm,gloire,gloria,glória,مجد
governance,regieren,gouvernance,gobernancia,governança,الحكم
grace,Anmut,grâce,gracia,graça,نعمة او وقت سماح
grasp,Erfassen,saisir,sujetar,aperto,يفهم، يمسك، يقبض
grave,Grab,grave,tumba,cova,خطير
grave,Grab,grave,tumba,cova,خطير
gravity,Schwerkraft,gravité,gravedad,gravidade,الجاذبية
grid,Gitter,grille,cuadrícula,rede,جريد
grief,Trauer,chagrin,dolor,pesar,حزن
grin,grinsen,rictus,sonrisa,sorriso,ابتسامة
grind,mahlen,grinder,moler,moer,طَحن
grip,greifen,adhérer,agarre,firmeza,سيطرة
gross,grob,brut,bruto,bruto,أزداد
guerrilla,Guerilla,guérilla,guerrilla,guerrilha,حرب العصابات
guidance,Anleitung,guidance,guía,orientação,إرشاد
guilt,schuld,culpabilité,culpa,culpa,الذنب
gut,Bauch,intestin,intestino,intestino,القناة الهضمية
hail,hagel,grêle,Viva,saudação,وابل
halfway,halbwegs,à mi-chemin,Medio camino,a meio caminho,في منتصف الطريق
halt,Halt,halte,detener,parar,وقف
handful,Handvoll,poignée,puñado,punhado,حفنة
handling,Handhabung,manipulation,manejo,manipulação,معالجة
handy,praktisch,maniable,práctico,prático,سهل
harassment,Schikane,harcèlement,acoso,assédio,تحرش
hardware,Hardware,matériel,hardware,hardware,المعدات
harmony,Harmonie,harmonie,armonía,harmonia,انسجام
harsh,harsch,sévère,duro,severo,صارِم
harvest,ernten,récolte,cosecha,colheita,محصول
hatred,hass,haine,odio,ódio,كراهية
haunt,spuken,hanter,guarida,assombro,تطارد
hazard,Gefahr,danger,peligro,perigo,خطر
heighten,Erhöhen,augmenter,aumentar,aumentar,تصعد
heritage,Erbe,patrimoine,herencia,herança,إرث
hierarchy,Hierarchie,hiérarchie,jerarquía,hierarquia,التسلسل الهرمي
high-profile,hochkarätig,haut profil,de alto perfil,alto perfil,رقيقة
hint,Hinweis,indice,insinuación,dica,ملحوظة
homeland,Heimatland,patrie,patria,terra natal,البلد الام
hook,Haken,hameçon,gancho,gancho,صنارة صيد
hopeful,hoffnungsvoll,espoir,esperanzado,esperançoso,متفائل
horizon,Horizont,horizon,horizonte,horizonte,الأفق
horn,Horn,corne,bocina,chifre,بوق
hostage,Geisel,otage,rehén,refém,رهينة
hostile,feindlich,hostile,hostil,hostil,عدائي
hostility,Feindseligkeit,hostilité,hostilidad,hostilidade,العداء
humanitarian,humanitär,humanitaire,humanitario,humanitário,إنساني
humanity,Menschlichkeit,humanité,humanidad,humanidade,إنسانية
humble,demütig,humble,humilde,humilde,متواضع
hydrogen,Wasserstoff,hydrogène,hidrógeno,hidrogênio,هيدروجين
identification,Identifikation,identification,identificación,identificação,هوية
ideological,ideologisch,idéologique,ideológico,ideológico,أيديولوجي
ideology,Ideologie,idéologie,ideología,ideologia,أيديولوجية
idiot,Idiot,idiot,estúpido,idiota,غبي
ignorance,Unwissenheit,ignorance,ignorancia,ignorância,جهل
imagery,Bildsprache,imagerie,imágenes,imagens,مصور
immense,immense,immense,inmenso,imenso,هائل
imminent,unmittelbar bevorstehend,imminent,inminente,iminente,وشيك
implementation,Umsetzung,mise en œuvre,implementación,implementação,تطبيق
imprison,inhaftieren,emprisonner,encarcelar,aprisionar,حبس
inability,Unfähigkeit,incapacité,incapacidad,incapacidade,عجز
inadequate,unzureichend,inadéquat,inadecuado,inadequado,غير كافٍ
inappropriate,unangemessen,inapproprié,inadecuado,inapropriado,غير مناسب
incarcerate,einkerkern,incarcérer,encarcelar,encarcerar,سجن
incarceration,Einkerkerung,incarcération,encarcelamiento,encarceramento,السجن
incidence,Inzidenz,incidence,incidencia,incidência,سقوط
inclined,geneigt,incliné,inclinado,inclinado,يميل
inclusion,Einbeziehung,inclusion,inclusión,inclusão,تضمين
incur,einschließen,encourir,incurrir en,incorrer,يتكبد
indicator,Indikator,indicateur,indicador,indicador,مؤشر
indictment,Anklageschrift,mise en accusation,acusación,acusação,لائحة الاتهام
indigenous,einheimisch,indigène,indígena,indígena,أصلي
induce,veranlassen,induire,inducir,induzir,إستنتج
indulge,nachgeben,complaisance,complacer,saciar,تنغمس
inequality,Ungleichheit,inégalité,desigualdad,desigualdade,عدم المساواة
infamous,berüchtigt,infâme,infame,infame,سيء السمعة
infant,Säugling,enfant,niño,infantil,رضيع
infect,anstecken,infecter,infectar,infectar,تصيب
inflict,anstecken,infliger,infligir,infligir,يلحق
influential,einflussreich,influent,influyente,influente,مؤثر
inherent,inhärent,inhérent,inherente,inerente,متأصل
inhibit,hemmen,inhiber,inhibir,inibir,تعيق
initiate,initiieren,initier,iniciado,iniciar,الشروع في
inject,injizieren,injecter,inyectar,injetar,حقن
injection,Injektion,injection,inyección,injeção,حقنة
injustice,Ungerechtigkeit,injustice,injusticia,injustiça,ظلم
inmate,Häftling,détenu,preso,recluso,النزيل
inquire,anfragen,enquêter,preguntar,investigar,استعلام
insertion,Einfügung,insertion,inserción,inserção,إدراج
insider,Insider,initié,persona enterada,insider,من الداخل
inspect,inspizieren,inspecter,inspeccionar,inspecionar,فحص
inspection,Inspektion,inspection,inspección,inspeção,تكمن
inspiration,Inspiration,inspiration,inspiración,inspiração,وحي - الهام
instinct,Instinkt,instinct,instinto,instinto,غريزه
institutional,Institutionelle,institutionnel,institucional,institucional,مؤسسي
instruct,anweisen,instruire,instruir,instruir,إرشاد
instrumental,instrumental,instrumental,instrumental,instrumental,مفيدة
insufficient,unzureichend,insuffisant,insuficiente,insuficiente,غير كافٍ
insult,beleidigen,insulte,insulto,insulto,إهانة
intact,intakt,intact,intacto,intacto,سليم
intake,Einnahme,admission,consumo,ingestão,المدخول
integral,integriert,intégrale,integral,integrante,متكامل
integrated,integriert,intégré,integrado,integrado,مدمج
integration,Integration,intégration,integración,integração,دمج
integrity,Integrität,intégrité,integridad,integridade,النزاهة
intellectual,intellektuell,intellectuel,intelectual,intelectual,ذهني
intensify,intensivieren,intensifier,intensificar,intensificar,تكثيف
intensity,Intensität,intensité,intensidad,intensidade,الشدة
intensive,intensiv,intensif,intensivo,intensivo,كثيف
intent,Absicht,intention,intención,intenção,نوايا
interactive,interaktiv,interactif,interactivo,interativo,تفاعلي
interface,Schnittstelle,interface,interfaz,interface,واجهه المستخدم
interfere,stören,interférer,interferir,interferir,تدخل
interference,stören,interférence,interferencia,interferência,التشوش
interim,Zwischenzeitlich,intérimaire,provisional,provisório,مؤقت
interior,innen,intérieur,interior,interior,الداخلية
intermediate,Zwischenraum,intermédiaire,intermedio,intermediário,متوسط
intersection,Kreuzung,intersection,intersección,interseção,تداخل
intervene,intervenieren,intervenir,intervenir,intervir,تدخل
intervention,Eingriff,intervention,intervención,intervenção,تدخل قضائي
intimate,intim,intime,íntimo,íntimo,حَمِيم
intriguing,intrigieren,intriguant,intrigante,intrigante,مثيرة للاهتمام
inventory,Bestandsaufnahme,inventaire,inventario,inventário,المخزون
investigator,Ermittler,enquêteur,investigador,investigador,محقق
invisible,unsichtbar,invisible,invisible,invisível,غير مرئى
invoke,Aufrufen,invoquer,invocar,invocar,يستحضر
involvement,Beteiligung,implication,intervención,envolvimento,تورط
ironic,ironisch,ironique,irónico,irônico,ساخر
ironically,ironisch,ironique,irónicamente,ironicamente,بسخرية
irony,Ironie,ironie,ironía,ironia,سخرية
irrelevant,irrelevant,non pertinent,irrelevante,irrelevante,عَرَضِيّ
isolation,Isolierung,isolement,aislamiento,isolamento,عزل
judicial,Gerichtliche,judiciaire,judicial,judicial,قضائي
jurisdiction,Zuständigkeit,juridiction,jurisdicción,jurisdição,الاختصاص القضائي
just,nur,juste,sólo,apenas,فقط
justification,Rechtfertigung,justification,justificación,justificação,التبرير
keen,scharf,vif,entusiasta,ansioso,متحمس
kidnap,Entführung,kidnapping,secuestrar,sequestrar,خطف
kidney,Niere,rein,riñón,rim,الكلى
kingdom,königreich,royaume,Reino,reino,مملكة
landlord,Vermieter,propriétaire,dueño,senhorio,المالك
landmark,Wahrzeichen,repère,punto de referencia,marco,معلم معروف
lap,Runde,lap,vuelta,colo,حجر
large-scale,großflächig,grande échelle,gran escala,grande escala,على نطاق واسع
laser,laser,laser,láser,laser,الليزر
latter,letzteres,dernier,último,último,أخير
lawmaker,Gesetzgeber,législateur,él que hace leyes,legislador,النائب
lawn,Rasen,pelouse,césped,grama,العشب
lawsuit,prozess,procès,demanda judicial,ação judicial,دعوى قضائية
layout,Layout,mise en page,diseño,disposição,نسق
leak,Leck,fuite,filtración,vazar,تسريب
leap,sprung,saut,salto,salto,طفرة - قفزه
legacy,Vermächtnis,héritage,legado,legado,ميراث
legendary,legendär,légendaire,legendario,lendário,أسطوري
legislation,gesetzgebung,législation,legislación,legislação,تشريع
legislative,gesetzgebung,législation,legislativo,legislativo,تشريعي
legislature,Legislative,législature,legislatura,legislatura,السلطة التشريعية
legitimate,rechtmäßig,légitime,legítimo,legítimo,شرعي
lengthy,langwierig,long,largo,longo,طويل
lesbian,lesbisch,lesbienne,lesbiana,lésbica,مثلية
lesser,weniger,moindre,menor,menor,أقل
lethal,tödlich,létale,letal,letal,قاتلة
liable,haftbar,responsable,responsable,responsável,مسئولة
liberal,liberal,libéral,liberal,liberal,ليبرالية
liberation,Befreiung,libération,liberación,libertação,تحرير
liberty,freiheit,liberté,libertad,liberdade,حرية
lifelong,lebenslänglich,à vie,para toda la vida,vitalício,مدى الحياة
likelihood,likelihood,probabilité,probabilidad,probabilidade,احتمالا
limb,Gliedmaßen,membre,miembro,membro,فرع الشجره
linear,linear,linéaire,lineal,linear,خطي
lineup,aufstellung,lineup,póngase en fila,alinhar,اصطفوا
linger,verweilen,linger,persistir,permanecer,بقي
listing,Auflistung,listing,listado,listagem,قائمة
liter,Liter,litre,litro,litro,لتر
literacy,Alphabetisierung,alphabétisation,literatura,alfabetização,معرفة القراءة والكتابة
liver,Leber,foie,hígado,fígado,كبد
lobby,Lobby,lobby,vestíbulo,salão,ردهة
log,log,log,Iniciar sesión,registro,سجل
logic,Logik,logique,lógica,lógica,منطق
long-standing,langjährig,de longue date,de larga data,de longa data,طويل الأمد
longtime,langjährig,de longue date,largo tiempo,muito tempo,وقت طويل
loom,Webstuhl,loom,telar,tear,تلوح في الأفق
loop,Schleife,boucle,círculo,ciclo,عقدة
loyalty,Treue,loyauté,lealtad,lealdade,وفاء
machinery,Maschinenpark,machine,maquinaria,maquinaria,الات
magical,magisch,magique,mágico,mágico,سحري
magnetic,magnetisch,magnétique,magnético,magnético,مغناطيسي
magnificent,großartig,magnifique,magnífico,magnífico,رائع
magnitude,Größenordnung,magnitude,magnitud,magnitude,ضخامة
mainland,Festland,continentale,continente,continente,البر الرئيسى
mainstream,Mainstream,courant principal,convencional,convencional,التيار
maintenance,Unterhaltung,entretien,mantenimiento,manutenção,اعمال صيانة
mandate,mandat,mandat,mandato,mandato,امر رسمى
mandatory,obligatorisch,obligatoire,obligatorio,obrigatoriedade,إلزامي
manifest,manifestieren,manifester,manifiesto,manifesto,قائمة
manipulate,manipulieren,manipuler,manipular,manipular,معالجة
manipulation,Manipulation,manipulation,manipulación,manipulação,بمعالجة
manuscript,Manuskript,manuscrit,manuscrito,manuscrito,مخطوطة
march,März,mars,marcha,março,مارس
marginal,marginal,marginal,marginal,marginal,هامش
marine,marine,marine,marina,marinho,البحرية
marketplace,marktplatz,marché,mercado,Mercado,المتجر
mask,Maske,masque,mascarilla,mascarar,قناع
massacre,Massaker,massacre,masacre,massacre,مذبحة
mathematical,mathematisch,mathématique,matemático,matemático,رياضي
mature,reifen,mature,maduro,maduro,ناضجة
maximize,maximieren,maximiser,maximizar,maximizar,تحقيق أقصى قدر
meaningful,sinnvoll,significatif,significativo,significativo,ذو معنى
meantime,inzwischen,entre-temps,mientras tanto,entretanto,غضون ذلك
medieval,mittelalterlich,médiéval,medieval,medieval,من القرون الوسطى
meditation,Meditation,méditation,meditación,meditação,تأمل
melody,Melodie,mélodie,melodía,melodia,لحن
memo,Memo,mémo,memorándum,memorando,مذكرة
memoir,Memoiren,mémoire,memoria,livro de memórias,مذكرات
memorial,Gedenkstätte,mémorial,monumento,memorial,النصب التذكاري
mentor,Mentor,mentor,mentor,mentor,مرشد
merchant,Kaufmann,marchand,comerciante,comerciante,تاجر
mercy,Barmherzigkeit,miséricorde,misericordia,misericórdia,رحمة
mere,nur,simple,más,mais,أكثر
merely,lediglich,simplement,meramente,apenas,مُجَرّد
merge,fusionieren,fusionner,unir,fundir,دمج
merger,Fusion,fusion,fusión,fusão,الاندماج
merit,Verdienst,mérite,mérito,mérito,ميزة
methodology,Methodik,méthodologie,metodología,metodologia,المنهجية
midst,mitte,milieu,medio,meio,وسط
migration,Migration,migration,migración,migração,الهجرة
militant,militant,militant,militante,militante,مناضل
militia,Miliz,milice,milicia,milícia,ميليشيا
mill,Mühle,moulin,molino,moinho,مطحنة
minimal,minimal,minimal,mínimo,mínimo,الحد الأدنى
minimize,minimieren,minimiser,minimizar,minimizar,قلل
mining,Bergbau,exploitation minière,minería,mineração,التعدين
ministry,Ministerium,ministère,ministerio,ministério,الوزارة
minute,Minute,minute,minuto,minuto,اللحظة
miracle,Wunder,miracle,milagro,milagre,معجزة
misery,Elend,misère,miseria,miséria,بؤس
misleading,Irreführung,trompeur,engañoso,errôneo,مضلل
missile,Rakete,missile,misil,míssil,صاروخ
mob,Mob,foule,dolor,dor,الم
mobile,mobil,mobile,móvil,Móvel,التليفون المحمول
mobility,Mobilität,mobilité,movilidad,mobilidade,إمكانية التنقل
mobilize,mobilisieren,mobiliser,movilizar,mobilizar,حشد
moderate,moderat,modéré,moderado,moderado,معتدل
modification,Änderung,modification,modificación,modificação,تعديل
module,Modul,module,módulo,módulo,وحدة
momentum,Schwung,élan,impulso,impulso,قوة الدفع
monk,Mönch,moine,monje,monge,راهب
monopoly,Monopol,monopole,monopolio,Monopólio,احتكار
morality,Moral,moralité,moralidad,moralidade,الأخلاق
motive,Motiv,motif,motivo,motivo,الدافع
municipal,kommunal,municipal,municipal,municipal,البلدية
mutual,gegenseitige,mutuelle,mutual,mútuo,مشترك
namely,nämlich,à savoir,a saber,nomeadamente,يسمى
nationwide,landesweit,national,a escala nacional,nacional,على الصعيد الوطني
naval,Marine,naval,naval,naval,البحرية
neglect,Vernachlässigung,négligence,negligencia,negligência,أهمل
neighboring,benachbart,voisin,vecino,vizinho,المجاورة
nest,Nest,nid,nido,ninho,عش
net,Netz,net,red,internet,صافي
newsletter,Newsletter,newsletter,Boletin informativo,Boletim de Notícias,النشرة الإخبارية
niche,nische,niche,nicho,nicho,تخصص
noble,edel,noble,noble,nobre,النبيل
nod,nicken,acquiescer,asentir,aceno com a cabeça,إيماءة
nominate,nominieren,nommer,nombrar,nomear,ترشح
nomination,Nominierung,nomination,nominación,nomeação,ترشيح
nominee,nominieren,nominé,candidato,candidato,مرشح
nonetheless,nichtsdestotrotz,néanmoins,sin embargo,Não obstante,ومع ذلك
nonprofit,Gemeinnützig,à but non lucratif,sin ánimo de lucro,sem fins lucrativos,غير ربحية
nonsense,Unsinn,non-sens,disparates,absurdo,كلام فارغ
noon,Mittag,midi,mediodía,meio-dia,وقت الظهيرة
notable,bemerkenswert,notable,Incapaz,notável,ملحوظة
notably,bemerkenswert,notamment,notablemente,notavelmente,بشكل ملحوظ
notify,melden,notifier,notificar,notificar,يخطر
notorious,berühmt-berüchtigt,notoire,notorio,notório,سيئة السمعة
novel,Roman,roman,novela,novela,رواية
nursery,Kinderzimmer,pépinière,guardería,berçário,حضانة
objection,Einspruch,objection,objeción,objeção,اعتراض
oblige,verpflichten,obliger,obligar,obrigar,تجبر
obsess,Besessenheit,obsession,obsesionar,obcecado,هوس
obsession,Besessenheit,obsession,obsesión,obsessão,هوس
occasional,gelegentlich,occasionnel,ocasional,ocasional,عرضي
occurrence,Vorkommen,occurrence,ocurrencia,ocorrência,حادثة
odds,Quoten,chances,posibilidades,chances,احتمال
offering,Angebot,offre,ofrecimiento,oferta,عرض
offspring,Nachkommenschaft,progéniture,descendencia,filhos,النسل
operational,betrieblich,opérationnel,Operacional,operacional,التشغيل
opt,opt,opt,optar,optar,يختار، يقرر
optical,optisch,optique,óptico,óptico,بصري
optimism,Optimismus,optimisme,optimismo,otimismo,التفاؤل
oral,mündlich,oral,oral,oral,عن طريق الفم
organizational,organisatorisch,organisationnel,organizativo,organizacional,التنظيمية
orientation,Orientierung,orientation,orientación,orientação,اتجاه
originate,entstehen,origine,originar,originar,تنشأ
outbreak,Ausbruch,éclosion,brote,surto,التفشي
outing,Outing,sortie,excursión,passeio,نزهة
outlet,Ausgang,sortie,toma de corriente,tomada,مخرج
outlook,Ausblick,perspective,panorama,panorama,الآفاق
outrage,Empörung,outrage,Indignacion,ultraje,الغضب
outsider,Außenseiter,outsider,forastero,forasteiro,دخيل
overlook,übersehen,négliger,pasar por alto,negligenciar,تطل
overly,übermäßig,trop,demasiado,excessivamente,مفرط
oversee,überblicken,superviser,supervisar,vigiar,يشرف على
overturn,umstoßen,renverser,anular,reviravolta,انقلاب
overwhelm,überwältigen,écraser,abrumar,Sobrecarga,طغى
overwhelming,überwältigen,accablant,agobiante,muito pesado,ساحق
pad,auffüllen,pad,almohadilla,almofada,ضمادة
parameter,Parameter,paramètre,parámetro,parâmetro,معامل
parental,elterliche,parental,de los padres,parental,أبوي
parliament,Parlament,parlement,parlamento,parlamento,البرلمان
partial,teilweise,partiel,parcial,parcial,جزئي
partially,teilweise,partiel,parcialmente,parcialmente,جزئيا
passing,vorbei,passant,paso,passagem,عابرة
passive,passiv,passif,pasivo,passiva,سلبي
pastor,Pfarrer,pasteur,pastor,pastor,القس
patent,Patent,brevet,patentar,patente,براءة الإختراع
pathway,Weg,sentier,ruta,caminho,مسار
patrol,Patrouille,patrouille,patrulla,patrulha,دورية
patron,Schutzpatron,patron,patrón,patrono,كفيل
peak,Spitze,pic,cima,pico,قمة
peasant,bäuerlich,paysan,campesino,camponês,فلاح
peculiar,eigenartig,particulier,peculiar,peculiar,غَيْرُ مَأْلُوف
pension,Rente,pension,pensión,pensão,راتب تقاعد
persist,beharren,persister,persistir,persistir,ثابر
persistent,beharrlich,persistant,persistente,persistente,مثابر
personnel,Personal,personnel,personal,pessoal,شؤون الموظفين
petition,Petition,pétition,petición,petição,التماس
philosopher,Philosoph,philosophe,filósofo,filósofo,فيلسوف
philosophical,philosophisch,philosophique,filosófico,filosófico,فلسفي
pioneer,Pionier,pionnier,pionero,pioneiro,رائد
pipeline,Pipeline,pipeline,tubería,gasoduto,خط انابيب
pirate,Pirat,pirate,pirata,pirata,القرصان
pit,Grube,fosse,fosa,opor,حفرة
plea,Plädoyer,plaider,petición,declarar,نداء
plead,plädieren,plaider,alegar,pleitear,الترافع
pledge,versprechen,gage,promesa,compromisso,يتعهد
plug,stopfen,boucher,enchufar,plugue,قابس كهرباء
plunge,eintauchen,plonger,inmersión,mergulho,يغرق
pole,Stange,poteau,no hay,não há,لا يوجد
poll,Umfrage,sondage,encuesta,votação,تصويت
pond,Teich,étang,estanque,lago,بركة ماء
pop,Pop,pop,estallido,pop,البوب
portfolio,Mappe,portefeuille,portafolio,portfólio,مَلَفّ
portray,porträtieren,représenter,retratar,retratar,تصوير
postpone,verschieben,postpone,posponer,adiar,يؤجل
postwar,Nachkrieg,après-guerre,de la posguerra,pós-guerra,بعد الحرب
practitioner,Praktiker,praticien,facultativo,praticante,ممارس المهنة
preach,predigen,prêcher,predicar,pregar,تعظ
precedent,Präzedenzfall,précédent,precedente,precedente,سابقة
precision,Präzision,précision,precisión,precisão,الاحكام
predator,Raubtier,prédateur,depredador,predador,المفترس
predecessor,Vorgänger,prédécesseur,predecesor,antecessor,السلف
predominantly,überwiegend,prédominance,predominantemente,predominantemente,في الغالب
pregnancy,Schwangerschaft,grossesse,el embarazo,gravidez,حمل
prejudice,Vorurteil,préjudice,prejuicio,preconceito,تعصب
preliminary,vorläufig,préliminaire,preliminar,preliminares,أولية
premier,Erstmals,premier,primer ministro,primeiro-ministro,الرائدة
premise,Prämisse,prémisse,premisa,premissa,فرضية
premium,Prämie,prime,de primera calidad,Prêmio,الممتازة
prescribe,verschreiben,prescrire,prescribir,prescrever,وصفة
prescription,rezeptpflichtig,prescription,prescripción,prescrição,وصفة طبية
presently,gegenwärtig,actuellement,ahora,atualmente,حاليا
preservation,Erhaltung,présider,preservación,preservação,الحفظ
preside,vorsitz,présider,preside,presidir,رئاسة
presidency,präsidentschaft,présidence,presidencia,presidência,رئاسة
prestigious,prestigeträchtig,prestigieux,prestigioso,Prestigiado,مرموقة
presumably,Vermutlich,vraisemblablement,presumiblemente,presumivelmente,محتمل
presume,vermuten,présumer,presumir,presumir,افترض
prevail,vorherrschen,prévaloir,prevalecer,prevalecer,تسود
prevalence,Prävalenz,prévalence,predominio,prevalência,انتشار
prevention,Vorbeugung,prévention,prevención,prevenção,منع
prey,Beute,proie,presa,presa,ضحية
privatization,Privatisierung,privatisation,privatización,privatização,الخصخصة
privilege,Privileg,privilège,privilegio,privilégio,شرف
probe,Untersuchung,sonder,Investigacion,sonda,مسبار
problematic,problematisch,problématique,problemático,problemático,إشكالية
proceeding,Verfahren,procédure,proceder,processo,الإجراء
proceeds,Erlöse,produit,producto,produto,العائدات
processing,Bearbeitung,traitement,procesando,em processamento,يتم المعالجة
processor,Bearbeiter,processeur,procesador,processador,المعالج
proclaim,verkünden,proclamer,proclamar,proclamar,يعلن
productive,produktiv,productif,productivo,produtivo,إنتاجي
productivity,Produktivität,productivité,productividad,produtividade,إنتاجية
profitable,profitabel,profitable,rentable,rentável,مربح
profound,tiefgründig,profond,profundo,profundo,عميق
projection,Projektion,projection,proyección,projeção,تنبؤ
prominent,herausragend,proéminent,prominente,proeminente,بارز
pronounced,ausgeprägt,prononcé,pronunciado,pronunciado,واضح
propaganda,Propaganda,propagande,propaganda,propaganda,دعاية
proposition,Vorschlag,proposition,proposición,proposição,اقتراح
prosecute,Verfolgung,poursuivre,enjuiciar,processar,محاكمة
prosecution,Staatsanwaltschaft,poursuite,enjuiciamiento,acusação,الملاحقة القضائية
prosecutor,Staatsanwalt,procureur,fiscal,promotor,المدعي العام
prospective,prospektiv,prospective,futuro,prospectivo,مأمول
prosperity,Wohlstand,prospérité,prosperidad,prosperidade,ازدهار
protective,Schutz,protection,protector,protetor,محمي
protocol,Protokoll,protocole,protocolo,protocolo,بروتوكول
province,Provinz,province,provincia,província,المحافظة
provincial,Provinz,provincial,provincial,provincial,ريفي
provision,Versorgung,provision,disposición,disposição,تقديم
provoke,provozieren,provoquer,provocar,provocar,يستفز
psychiatric,Psychiatrie,psychiatrique,psiquiátrico,psiquiátrico,نفسية
pulse,Puls,pouls,pulso,pulso,نبض
pump,pumpen,pompe,bomba,bombear,مضخة
punch,stanzen,coup de poing,puñetazo,soco,لكمة
query,abfragen,questionner,consulta,consulta,استفسار
quest,Suche,quête,búsqueda,busca,بحث
quota,Quote,quota,cuota,contingente,حصة نسبية
radar,Radar,radar,Radar,radar,رادار
radical,Radikal,radical,radical,radical,أصولي
rage,Wut,rage,rabia,fúria,غضب
raid,Razzia,raid,Redada,ataque,غارة
rally,rallye,rallye,reunión,corrida,تجمع
ranking,Rangliste,classement,clasificación,classificação,تصنيف
rape,Vergewaltigung,viol,violación,estupro,اغتصاب
ratio,Verhältnis,ratio,relación,Razão,نسبة
rational,rational,rationnel,racional,racional,معقول
ray,ray,rayon,rayo,raio,شعاع
readily,leicht,facilement,fácilmente,prontamente,بسهولة
realization,realisierung,réalisation,realización,realização,ادراك
realm,bereich,royaume,reino,reino,مملكة
rear,Rückseite,arrière,trasero,traseira,مؤخرة
reasoning,Argumentation,raisonnement,razonamiento,raciocínio,منطق
reassure,beruhigen,rassurer,tranquilizar,tranquilizar,طمأن
rebel,rebellieren,rebelle,rebelde,rebelde,المتمرد
rebellion,Rebellion,rébellion,rebelión,rebelião,تمرد
recipient,Empfänger,destinataire,recipiente,destinatário,متلقي
reconstruction,Wiederaufbau,reconstruction,reconstrucción,reconstrução,إعادة الإعمار
recount,nachzählen,récit,recuento,recontagem,حكى
recruitment,Rekrutierung,recrutement,reclutamiento,recrutamento,تجنيد
referendum,Referendum,référendum,referéndum,referendo,استفتاء
reflection,Reflexion,réflexion,reflexión,reflexão,انعكاس
reform,Reform,réforme,reforma,reforma,اعادة تشكيل
refuge,Zuflucht,refuge,refugio,refúgio,لجأ
refusal,Ablehnung,refus,rechazo,recusa,رفض
regain,wiedergewinnen,reprise,recuperar,recuperar,استعادة
regardless,trotzdem,malgré tout,sin importar,sem considerar,يغض النظر
regime,Regime,régime,régimen,regime,النظام الحاكم
regulator,Regler,régulateur,regulador,regulador,منظم
regulatory,Regulierung,régulateur,regulador,regulamentar,تنظيمي
rehabilitation,Rehabilitation,réhabilitation,rehabilitación,reabilitação,إعادة تأهيل
reign,Herrschaft,règne,reinado,reinado,فتره حكم
rejection,Ablehnung,rejet,rechazo,rejeição,الرفض
relevance,Relevanz,pertinence,Relevancia,relevância,ملاءمة
reliability,Zuverlässigkeit,fiabilité,fiabilidad,confiabilidade,الموثوقية
reluctant,unwillig,réticent,dudan,eles hesitam,يترددون
remainder,Rest,reste,resto,restante,بقية
remains,bleibt,reste,restos,restos,بقايا
remedy,Abhilfe,remède,recurso,remédio,علاج
reminder,Erinnerung,rappel,recordatorio,lembrete,تذكير
removal,Entfernung,retrait,eliminación,remoção,إزالة
render,machen,rendre,prestar,renderizar,يجعل
renew,erneuern,renouveler,renovar,renovar,تجديد
renowned,bekannt,renommé,renombrado,renomado,مشهور
replacement,ersatz,remplacement,reemplazo,substituição,إستبدال
reportedly,Angeblich,rapporté,según se informa,supostamente,يقال
representation,Darstellung,représentation,representación,representação,التمثيل
reproduce,reproduzieren,reproduire,reproducir,reproduzir,إعادة إنتاج
reproduction,Reproduktion,reproduction,reproducción,reprodução,التكاثر
republic,republik,république,república,república,جمهورية
resemble,ähneln,ressembler à,parecerse,assemelhar-se,تشابه
reside,residieren,résider,residir,residir,يقيم
residence,Wohnsitz,résidence,residencia,residência,إقامة
residential,Wohnsitz,résidence,Residencial,residencial,سكني
residue,Rückstand,résidu,residuo,resíduo,بقايا
resignation,Rücktritt,résignation,resignación,renúncia,استقالة
resistance,Widerstand,résistance,resistencia,resistência,مقاومة
respective,jeweils,respectivement,respectivo,respectivo,خاص به
respectively,bzw.,respectivement,respectivamente,respectivamente,على التوالى
restoration,Wiederherstellung,restauration,restauracion,restauração,استعادة
restraint,zurückhaltend,retenue,restricción,contenção,ضبط النفس
resume,wieder aufnehmen,reprise,reanudar,retomar,سيرة ذاتية
retreat,Rückzug,retraite,retirada,retiro,تراجع
retrieve,abrufen,récupérer,recuperar,recuperar,يسترد
revelation,Enthüllung,révélation,revelación,revelação,وحي
revenge,Rache,vengeance,venganza,vingança,انتقام
reverse,umkehren,inverser,reverso,marcha-ré,يعكس
revival,Wiederbelebung,revivre,renacimiento,renascimento,إحياء
revive,wiederbeleben,revivre,reanimar,reviver,اعادة احياء
revolutionary,revolutionär,révolutionnaire,revolucionario,revolucionário,ثوري
rhetoric,Rhetorik,rhétorique,retórica,retórica,البلاغة
rifle,Gewehr,fusil,rifle,rifle,بندقية
riot,Aufruhr,émeute,disturbio,rebelião,شغب
rip,zerreißen,déchirer,rotura,rasgar,إرقد بسلام
ritual,Ritual,rituel,ritual,ritual,شعيرة
robust,robust,robuste,robusto,robusto,قوي
rock,Felsen,rocher,roca,Rocha,صخر
rod,Stab,rod,varilla,Cajado,عصا
rookie,Neueinsteiger,rookie,novato,novato,غير مخضرم
roster,Dienstplan,roster,lista,lista,قائمة
rotate,rotieren,rotation,girar,girar,استدارة
rotation,Rotation,rotation,rotación,rotação,دوران
ruling,Entscheidung,décision,decisión,decisão,حكم
rumor,Gerücht,rumeur,rumor,rumor,شائعة
sacred,heilig,sacré,sagrado,sagrado,مقدس
sacrifice,opfern,sacrifice,sacrificio,sacrifício,تضحية
saint,Heiliger,saint,Smo,santo,القديس
sake,Sake,saké,motivo,interesse,مصلحة
sanction,sanktionieren,sanction,sanción,sanção,عقوبة
say,sagen,dire,decir,dizer,قل
scattered,verstreut,dispersé,disperso,espalhado,مبعثر
scope,Umfang,portée,alcance,alcance,مجال
screw,schrauben,vis,tornillo,parafuso,برغي
scrutiny,Prüfung,examen,escrutinio,escrutínio,التدقيق
seal,Dichtung,sceller,sello,selo,عجل البحر
secondly,zweitens,deuxièmement,en segundo lugar,em segundo lugar,ثانيًا
secular,weltlich,séculaire,secular,secular,علماني
seemingly,scheinbar,apparemment,aparentemente,aparentemente,على ما يبدو
segment,segmentieren,segmenter,segmento,segmento,مقطع
seize,ergreifen,saisir,confiscar,aproveitar,حجز اسر يستولى
seldom,Selten,rarement,raramente,raramente,نادرًا
selective,selektiv,sélectif,selectivo,seletivo,انتقائي
sensation,Empfindung,sensation,sensación,sensação,إحساس
sensitivity,Empfindlichkeit,sensibilité,sensibilidad,sensibilidade,حساسية
sentiment,Empfindung,sentiment,sentimiento,sentimento,المشاعر
separation,Trennung,séparation,separación,separação,انفصال
serial,Serie,série,de serie,serial,مسلسل
settlement,Abrechnung,règlement,asentamiento,povoado,مستعمرة
setup,Einrichtung,installation,configuración,configurar,اقامة
sexuality,Sexualität,sexualité,sexualidad,sexualidade,الجنس
shareholder,Aktionär,actionnaire,accionista,acionista,شريك
shatter,zerschlagen,briser,romper,quebrar,تتحطم
shed,Schuppen,verser,cobertizo,cabana,تسلط
sheer,schier,pure,escarpado,puro,محض
shipping,Versand,expédition,Envío,envio,الشحن
shoot,schießen,tirer,disparar,atirar,أطلق النار
shrink,schrumpfen,rétrécir,encogerse,Psiquiatra,إنكمش
shrug,Achselzucken,hausser les épaules,encogimiento de hombros,dar de ombros,هز كتفيه
sigh,seufzen,soupirer,suspiro,suspirar,تنهد
simulate,simulieren,simuler,simular,simular,محاكاة
simulation,Simulation,simulation,simulación,simulação,محاكاة
simultaneously,gleichzeitig,simultanément,simultaneamente,simultaneamente,الوقت ذاته
sin,sündigen,sin,sin,pecado,الخطيئة
situated,gelegen,situé,situado,situado,يقع
skeptical,skeptisch,sceptique,escéptico,cético,متشكك
sketch,Skizze,esquisse,bosquejo,retrato falado,رسم
skip,Überspringen,sauter,saltar,pular,يتخطى
slam,zuschlagen,claquer,golpe,bater,ضربة عنيفة
slap,klatschen,gifler,bofetada,tapa,يصفع
slash,Schrägstrich,slash,barra oblicua,golpear,خفض
slavery,Sklaverei,esclavage,esclavitud,escravidão,عبودية
slot,Schlitz,fente,ranura,slot,فتحة
smash,Schlagen,fracasser,aplastar,esmagar,تحطيم
snap,schnappen,faire claquer,siesta,foto,يفرقع، ينفجر
soak,tränken,tremper,Sumergir,absorver,نقع
soar,aufsteigen,monter,remontarse,disparar,حلق
socialist,sozialistisch,socialiste,socialista,socialista,الاشتراكي
sole,allein,seul,único,único,باطن القدم
solely,ausschließlich,uniquement,solamente,exclusivamente,بمفردي
solidarity,Solidarität,solidarité,solidaridad,solidariedade,تكافل
solo,allein,solo,solo,sozinho,وحده
sophomore,Sophomore,étudiant en deuxième année,estudiante de segundo año,segundo ano,طالب في السنة الثانية لدراسته
sound,Klang,son,sonido,som,يبدو
sovereignty,souveränität,souveraineté,soberanía,soberania,سيادة
spam,spam,spam,correo no deseado,Spam,رسائل إلكترونية مزعجة
span,span,span,lapso,período,يولد
spare,Ersatz,spare,repuesto,poupar,إضافي
spark,Funke,étincelle,Chispa - chispear,fagulha,شرارة
specialized,spezialisiert,spécialisé,especializado,especializado,متخصص
specification,Spezifikation,spécification,especificación,especificação,تخصيص
specimen,Exemplar,spécimen,muestra,espécime,عينة
spectacle,brille,lunettes,espectáculo,espetáculo,مشهد
spectrum,Spektrum,spectre,espectro,espectro,نطاق
spell,Zauberspruch,sort,deletrear,soletrar,يتهجى
sphere,Kugel,sphère,esfera,esfera,جسم كروى
spin,Wirbel,spin,girar,rodar,غزل
spine,Wirbelsäule,colonne vertébrale,columna vertebral,coluna,العمود الفقري
spotlight,Spotlight,projecteur,destacar,Holofote,بقعة ضوء
spouse,Ehepartner,conjoint,esposa,cônjuge,زوج
spy,spionieren,espion,espiar,espião,الجاسوس
squad,Kader,escouade,equipo,esquadrão,فريق
squeeze,quetschen,presser,estrujar,espremer,يعصر
stab,stechen,poignarder,puñalada,punhalada,طعنة
stability,Stabilität,stabilité,estabilidad,estabilidade,المزيد
stabilize,stabilisieren,stabiliser,estabilizar,estabilizar,يستقر
stake,Pflock,piquet,apostar,estaca,حصة
standing,stehend,debout,de pie,de pé,يقف
stark,stark,saisissant,rígido,rígido,صارخ
statistical,statistisch,statistique,estadístico,estatístico,إحصائية
steer,lenken,diriger,dirigir,dirigir,توجيه
stem,Stamm,tige,provenir,tronco,إيقاف
stereotype,Stereotyp,stéréotype,estereotipo,estereótipo,الصورة النمطية
stimulus,Anregung,stimulus,estímulo,estímulo,التحفيز
stir,rühren,remuer,remover,mexer,يقلب
storage,speichern,stockage,almacenamiento,armazenar,تخزين
straightforward,übersichtlich,simple,directo,para a frente,صريح
strain,Belastung,souche,presion,tensão,التواء
strand,Strang,brin,hebra,fio,ساحل
strategic,strategisch,stratégique,estratégico,estratégico,إستراتيجي
striking,auffällig,frappe,sorprendentes,impressionante,ملفت للنظر
strip,Streifen,bande,banda,faixa,قطاع
strip,Streifen,bande,banda,faixa,قطاع
strive,streben,s'efforcer,luchar,esforço,السعي
structural,strukturell,structurel,estructural,estrutural,الهيكلي
stumble,stolpern,trébucher,tropezón,tropeçar,تعثر
stun,betäuben,étourdir,aturdir,atordoar,مذهول
submission,Einreichung,soumission,envío,submissão,استسلام
subscriber,Abonnent,abonné,abonado,assinante,مشترك
subscription,Abonnement,abonnement,suscripción,inscrição,الاشتراك
subsidy,Zuschuss,subvention,subvención,subvenção,دعم مالي
substantial,erheblich,substantiel,sustancial,substancial,حقيقي
substantially,wesentlich,substantiellement,sustancialmente,substancialmente,جوهريا
substitute,Ersatz,substitut,sustituto,substituto,بديل
substitution,Substitution,substitution,sustitución,substituição,الاستبدال
subtle,subtil,subtile,sutil,sutil,رقيق
suburban,Vorort,banlieue,suburbano,suburbano,من الضواحى
succession,Nachfolge,succession,sucesión,sucessão,الخلافة
successive,Nachfolge,successif,sucesivo,sucessivos,متتالي
successor,Nachfolger,successeur,sucesor,sucessor,خليفة
suck,saugen,sucer,chupar,chupar,مص
sue,verklagen,poursuivre,demandar,processar,قاضى
suicide,Selbstmord,suicide,suicidio,suicídio,انتحار
suite,Suite,suite,suite,suíte,جناح
summit,Gipfel,sommet,cumbre,cume,قمة
superb,superb,superbe,magnífico,soberbo,رائع
superintendent,Superintendent,superintendant,superintendente,superintendente,المشرف
superior,überlegen,supérieur,superior,superior,متفوق
supervise,beaufsichtigen,superviser,supervisar,supervisionar,الإشراف
supervision,Aufsicht,supervision,supervisión,supervisão,إشراف
supervisor,Aufsichtsperson,superviseur,supervisor,Supervisor,مشرف
supplement,ergänzen,compléter,suplemento,suplemento,ملحق
supportive,unterstützend,soutenir,apoyo,solidário,يدعم
supposedly,Angeblich,supposé,según cabe suponer,supostamente,يفترض
suppress,unterdrücken,supprimer,reprimir,suprimir,كبح
supreme,überragend,suprême,supremo,supremo,أعلى فائق
surge,Anstieg,poussée,surge,surge,يندفع يقوة
surgical,chirurgisch,chirurgical,quirúrgico,cirúrgico,جراحي
surplus,Überschuss,surplus,superávit,excedente,فائض
surrender,ausliefern,se rendre,Rendición,render,يستسلم
surveillance,Überwachung,surveillance,vigilancia,vigilância,مراقبة
suspension,Aussetzung,suspension,suspensión,suspensão,ايقاف عن العمل
suspicion,Verdacht,suspicion,sospecha,suspeita,اشتباه
suspicious,verdächtig,suspect,sospechoso,suspeito,مثير للشك
sustain,aufrechterhalten,soutenir,sostener,sustentar,حَافَظ على
swing,schwingen,balancer,ritmo,balanço,تأرجح
sword,Schwert,épée,espada,espada,سيف
symbolic,symbolisch,symbolique,simbólico,simbólico,رمزي
syndrome,Syndrom,syndrome,síndrome,síndrome,متلازمة
synthesis,Synthese,synthèse,síntesis,síntese,تركيب
systematic,systematisch,systématique,sistemático,sistemático,منهجي
tackle,anpacken,tactique,abordar,enfrentar,يعالج
tactic,Taktik,tactique,táctica,tática,تكتيك
tactical,taktisch,tactique,táctico,tático,تكتيكي
taxpayer,Steuerzahler,contribuable,contribuyente,contribuinte,دافع الضرائب
tempt,verlocken,tenter,tentar,tentado,جذب
tenant,Mieter,locataire,inquilino,inquilino,مستأجر
tender,Angebot,tender,tierno,macio,مناقصة
tenure,Amtszeit,tenure,tenencia,posse,فترة
terminal,Terminal,terminal,Terminal,terminal,الطرفي
terminate,kündigen,terminer,Terminar,encerrar,إنهاء
terrain,Gelände,terrain,terreno,terreno,تضاريس
terrific,großartig,formidable,fantástico,formidável,رائع
testify,bezeugen,témoigner,testificar,testemunhar,يشهد
testimony,Zeugnis,témoignage,testimonio,testemunho,شهادة
texture,Textur,texture,textura,textura,نَسِيج
thankfully,dankenswerterweise,heureusement,agradecidamente,agradecidamente,لحسن الحظ
theatrical,theatralisch,théâtral,teatral,teatral,مسرحي
theology,Theologie,théologie,teología,teologia,علم اللاهوت
theoretical,theoretisch,théorique,teórico,teórico,نظري
thereafter,danach,par la suite,después de eso,Depois disso,بعد ذلك
thereby,dabei,ainsi,de este modo,deste modo,بذلك
thoughtful,nachdenklich,réfléchi,reflexivo,considerado,وقور
thought-provoking,zum Nachdenken anregend,qui incite à la réflexion,invitando a la reflexión,instigante,محفزة على التفكير
thread,Thema,fil conducteur,hilo,fio,مسلك
threshold,Schwelle,seuil,límite,limite,عتبة
thrilled,begeistert,ravi,encantado,emocionados,بسعادة غامرة
thrive,gedeihen,prospérer,prosperar,florescer,النماء
tide,Gezeiten,marée,marea,maré,المد
tighten,anziehen,serrer,apretar,apertar,تشديد
timber,Holz,bois,madera,madeira,خشب
timely,pünktlich,opportun,oportuno,oportuno,في الوقت المناسب
tobacco,tabak,tabac,tabaco,tabaco,تبغ
tolerance,tolerieren,tolérance,tolerancia,tolerância,تفاوت
tolerate,tolerieren,tolérer,tolerar,tolerar,تحمل
toll,Maut,péage,peaje,pedágio,رسوم
top,Spitze,haut,parte superior,topo,أعلى
torture,Folter,torture,tortura,tortura,تعذيب
toss,werfen,toss,sacudida,sorteio,رمى
total,total,total,total,total,المجموع
toxic,giftig,toxique,tóxico,tóxico,سامة
trace,Spur,trace,rastro,vestígio,أثر
trademark,Marke,marque déposée,marca comercial,marca comercial,علامة تجارية
trail,trail,trail,sendero,trilha,ممر المشاة
trailer,Anhänger,remorque,remolque,reboque,جَرَّار
transaction,Transaktion,transaction,transacción,transação,عملية تجارية
transcript,Abschrift,transcription,transcripción,transcrição,نسخة طبق الأصل
transformation,Umwandlung,transformation,transformación,transformação,تحويل
transit,Transit,transit,tránsito,transito,عبور
transmission,Übertragung,transmission,transmisión,transmissão,انتقال
transparency,Transparenz,transparence,transparencia,transparência,الشفافية
transparent,transparent,transparent,transparente,transparente,شفاف
trauma,Trauma,traumatisme,trauma,trauma,صدمة
treaty,Vertrag,traité,tratado,tratado,معاهدة
tremendous,ungeheuerlich,formidable,enorme,tremendo,هائِل
tribal,Stammesangehörige,tribal,tribal,tribal,القبلية
tribute,Tribut,hommage,tributo,tributo,تحية
trigger,Auslöser,trigger,generar,acionar,اثار
trio,trio,trio,trío,trio,الثلاثي
triumph,Triumph,triumph,triunfo,triunfo,انتصار
trophy,Trophäe,trophée,trofeo,troféu,غنيمة
troubled,beunruhigt,en difficulté,preocupado,perturbado,مضطرب
trustee,Treuhänder,administrateur,fideicomisario,administrador,وصي
tuition,Schulgeld,frais de scolarité,matrícula,taxa escolar,محاضرة
tumor,Tumor,tumeur,tumor,tumor,ورم
turnout,Wahlbeteiligung,turnout,apagar,vire para fora,تحول
turnover,Umsatz,turnover,Rotación,volume de negócios,دوران
twist,Drehung,torsion,giro,torção,تحريف
unconstitutional,verfassungswidrig,anticonstitutionnel,inconstitucional,inconstitucional,مخالف للدستور
undergraduate,Studienanfänger,premier cycle universitaire,de licenciatura,estudante universitário,الجامعية
underlying,zugrunde,sous-jacent,subyacente,subjacente,الأساسية
undermine,untergraben,miner,socavar,minar,تقويض
undoubtedly,Zweifellos,sans doute,indudablemente,sem dúvida,مما لا شك فيه
unify,vereinheitlichen,unifier,unificar,unificar,توحد
unprecedented,noch nie dagewesen,sans précédent,sin precedentes,sem precedente,غير مسبوق
unveil,enthüllen,dévoiler,quitar el velo,revelar,كشف
upcoming,demnächst,à venir,próximo,próximos,القادمة
upgrade,aktualisieren,améliorer,mejora,melhoria,رفع مستوى
uphold,aufrechterhalten,soutenir,defender,defender,التمسك
utility,Dienstprogramm,utilitaire,utilidad,Utilitário,خدمة
utilize,verwenden,utiliser,utilizar,utilizar,يستخدم
utterly,Vollständig,tout à fait,absolutamente,totalmente,تماما
vacuum,Vakuum,aspirer,Aspirar,vácuo,مكنسة
vague,vage,vague,impreciso,vago,غامض
validity,Gültigkeit,validité,validez,validade,صلاحية
vanish,verschwinden,disparaître,desaparecer,desaparecer,تلاشى
variable,variabel,variable,variable,variável,عامل
varied,variabel,varié,variado,variado,متنوع
vein,Maserung,veine,vena,veia,الوريد
venture,wagen,aventure,empresa,risco,المغامر
verbal,verbal,verbal,verbal,verbal,لفظي
verdict,Urteil,verdict,veredicto,veredito,حكم
verify,nachprüfen,vérifier,verificar,verificar,تحقق
verse,Gedicht,vers,verso,versículo,بيت شعر
versus,versus,versus,versus,contra,عكس
vessel,Schiff,navire,buque,embarcação,وعاء
veteran,Veteran,vétéran,veteran,veterano,مخضرم
viable,lebensfähig,viable,viable,viável,قابل للحياة
vibrant,lebendig,vibrant,vibrante,vibrante,نابض بالحياة
vice,Laster,vice,vicio,vício,نائب
vicious,lasterhaft,vicieux,vicioso,vicioso,وحشي
violate,verletzen,violer,violar,violar,ينتهك
violation,Verstoß,violation,violación,violação,انتهاك
virtue,Tugend,vertu,virtud,virtude,استنادا
vocal,stimmlich,vocal,vocal,vocal,صوتي
vow,Gelübde,vœu,voto,juramento,نذر
vulnerability,Verwundbarkeit,vulnérabilité,vulnerabilidad,vulnerabilidade,وهن
vulnerable,verletzlich,vulnérable,vulnerable,vulnerável,غير حصين
ward,Station,quartier,pabellón,enfermaria,جناح
warehouse,Lager,entrepôt,depósito,armazém,مستودع
warfare,Kriegsführung,guerre,guerra,guerra,حرب
warrant,Haftbefehl,warrant,orden,mandado,مذكرة
warrior,krieger,guerrier,guerrero,guerreiro,محارب
weaken,schwächen,affaiblir,debilitar,enfraquecer,تضعف
weave,weben,tisser,tejido,tecer,نسج
weed,Unkraut,weed,hierba,erva daninha,عشبة ضارة
well,gut,bien,bien,Nós vamos,نحن سوف
well-being,Wohlbefinden,bien-être,bienestar,bem-estar,الرفاه
whatsoever,wie auch immer,quoi que ce soit,lo que,de jeito nenhum,مهما يكن
whereby,wobei,par lequel,por lo cual,através do qual,بواسطة
whip,Peitsche,fouetter,látigo,chicote,سوط
wholly,ganz,entièrement,totalmente,integralmente,كليا
widen,verbreitern,élargir,ensanchar,ampliar,وسع
widow,Witwe,veuve,viuda,viúva,أرملة
width,Breite,largeur,ancho,largura,العرض
willingness,Bereitschaft,volonté,voluntad,disposição,الرغبة
wipe,wischen,essuyer,pasar un trapo,limpar,يمسح
wit,mit,wit,ingenio,sagacidade,ذكاء
withdrawal,Rückzug,retrait,retiro,cancelamento,انسحاب
workout,Workout,entraînement,ejercicio,treino,اكتشف - حل
worship,Anbetung,culte,Adoración,adoração,يعبد
worthwhile,wertvoll,digne d'intérêt,vale la pena,que vale a pena,جدير بالاهتمام
worthy,würdig,digne,valioso,valioso,ذو قيمة
yell,schreien,crier,gritar,gritar,قال بصوت عال
yield,nachgeben,produir,rendir,colheita,أَثْمَر
